label,x,y
0,30.083872419490177,39.630935636760135
0,31.276127569604565,51.775107386915316
0,34.12137980867422,49.27574806716645
0,32.58222214280255,41.232996587068016
0,34.65068781920568,45.47956154063499
0,33.80513374229721,44.24656084456096
0,33.63327365018671,53.355365560829654
0,30.327833657304517,31.248901072566
0,30.464384627975804,55.75775399569979
0,34.49551019198753,53.125435284707606
0,34.36730499568919,48.504042112858905
0,29.79268154378099,47.93710569457324
0,31.876721869349986,47.73751742422036
0,38.57119657173458,43.0888150085612
0,30.972432974062293,51.26553867014307
0,33.308435457395895,47.41152445310963
0,34.44252146511459,49.41932681775529
0,31.62619478704328,48.629810544776205
0,29.04951887202611,44.20037414171522
0,33.39989847238137,46.86379727146709
0,34.79443397787889,53.450499997795056
0,28.055265537238053,45.380420587406626
0,33.77581522568636,47.83237424643146
0,29.712451978688787,54.24931884797227
0,36.320929937041484,46.06030190824197
0,32.43581177310642,48.21927398400801
0,33.057141068752045,48.417926851055356
0,35.206749921920725,45.0328759122301
0,29.624111069934962,42.26302132464833
0,33.129877849202856,41.91431530303402
0,31.561131078558986,38.0175678139814
0,29.7034862068832,41.889691729236084
0,34.499220533482706,44.76009073204999
0,33.08932638125598,47.87679831296262
0,31.330326207903596,50.41189426933369
0,30.84243350915728,38.62356219153111
0,32.18304168163835,47.65035683848067
0,28.347292154827414,38.86600973077457
0,33.935950320587274,53.14166879923379
0,36.653605487469804,50.9435740611142
0,32.173983468978065,51.58737945266699
0,28.195557562649334,50.12031972776519
0,35.61931057493417,47.456113721352274
0,32.57356858641138,44.791582613929904
0,34.83836090846818,37.17074400811369
0,32.982376890300024,52.971361582151886
0,29.87578140902437,42.94866728229988
0,27.722990919279177,44.17249571078095
0,36.9440623354405,43.22565478859305
0,38.92214967032005,48.06300217513557
0,36.596569594501744,43.66001056354197
0,36.05754500564507,41.59929772247292
0,31.829359736441592,49.05680679961517
0,31.993041427106643,39.998152446840535
0,27.92623343497146,47.76653559838862
0,84.76339339289905,38.2765355982356
0,86.78386515413105,33.68769462869027
0,87.85443027974003,38.00074960255276
0,87.363733553123,31.221670448308377
0,91.15418861330444,35.02463861787528
0,94.10561715943852,35.26306052885584
0,89.91922201161412,33.885208836303335
0,94.88805898954979,36.62304402007436
0,93.82707258881169,33.18362572759889
0,82.94666942916447,33.78611694378447
0,87.08141998507283,33.05965668676333
0,87.13682400722787,33.303277841509406
0,89.13790011151376,34.60060062304315
0,88.50721426905355,35.703443287782484
0,89.9434177788834,34.70618982780437
0,93.08929967013538,37.14610195545961
0,88.56262438873016,37.23160875394969
0,83.3150940165027,34.753571046838466
0,84.38374562051413,35.15183671440682
0,90.10313426326381,35.873189864303555
0,84.69631389015164,36.35593252442898
0,89.0514004247893,33.57143901405756
0,92.24443074147483,34.9234484396468
0,86.36881159562788,35.14749939296087
0,89.07833674335618,33.683680366002925
0,86.68475965038705,37.42506870505164
0,88.63458635970004,34.77760198783471
0,85.35378336343796,33.632703127767975
0,88.72791365059113,37.71577692796653
0,87.47267955961698,37.10493632695214
0,90.40472467903243,34.485728050963736
0,94.49097395570925,34.99196197847263
0,86.05035571818213,31.98105900264242
0,86.12026851689025,30.81773464937744
0,91.33380775835339,34.71722699948271
0,83.91992332648655,37.06468367021395
0,92.17928536485239,35.878373155715664
0,86.48151460477452,35.8769435466078
0,88.3094688671221,35.084707737277526
0,87.39374017912408,35.15246709618475
0,90.35840851485526,34.3430459411274
0,84.42655266722167,33.301970034943054
0,92.3607836059959,34.795653747702296
0,90.01083182307195,35.14224798131709
0,89.62808883698531,35.093792913885295
0,89.00810512596554,34.48393705653855
0,86.961278880922,37.97689856414748
0,90.54824244956029,36.350141507080544
0,89.8041355821851,35.915479080811906
0,85.82108358902154,32.548817776401314
0,89.58353688017367,34.77948393920658
0,90.6613246570127,35.64959563460604
0,89.96619764941667,32.988848301640104
0,87.95877626293448,32.565000729248766
0,88.82400215982348,34.06823589696888
0,94.67787821799001,35.25952263161173
0,83.35779003317508,32.42938875345557
0,84.90311070411036,35.3881121251358
0,87.97530285810764,34.31831957433301
0,85.3746823335374,36.224502010441284
0,84.75388429328139,36.28315889883206
0,91.86598509672272,33.83962665208464
0,88.69915008361068,35.47760252105569
0,86.37389930913835,38.03105870223912
0,93.80305186567605,37.277319825690576
0,96.8989560249931,35.94384522660185
0,85.99823696799412,92.84787527976437
0,85.7927668993092,92.10158129561648
0,84.99475149525075,92.36046570239067
0,86.0022720752498,90.84580254107524
0,86.08380649526275,90.25567218363305
0,87.77709804775692,92.76331603231989
0,87.65585001109149,92.96299411821691
0,85.061187588465,92.48477241843521
0,84.91292105471682,90.56488089660417
0,85.00746797584021,92.9461201200521
0,85.14035773689046,90.81901455774953
0,87.69746478096805,91.4479472580848
0,87.32425900341143,90.41843348060299
0,91.17170898344934,91.63869579185355
0,87.37974405599105,90.00725986017471
0,87.01428302858733,92.17804961813678
0,86.05972645454126,88.603115687071
0,90.20714465436569,92.10005776682418
0,86.05906959308474,93.19496653667375
0,87.49736701395355,91.73767605552794
0,87.91288932985537,89.32015740536426
0,85.71372367761042,92.42916169763527
0,85.94732692917891,95.18166157630128
0,86.05597172383015,91.22966512379867
0,86.56902644109911,89.85222607933639
0,85.55843984516639,92.32594682299455
0,84.93787612148918,91.59338876404546
0,83.34594515215268,91.94737035739185
0,85.73240860535806,91.36946857564688
0,87.69700781535454,94.38115658435395
0,88.10780021582471,90.07871480767814
0,87.76118243007261,93.68607496898633
0,82.30167219532721,93.41274831891944
0,84.88578721810627,91.68478039365564
0,90.38273415737643,90.62365969244863
0,85.466530644687,93.97347503354516
0,66.76160358865985,86.72093713499424
0,65.82691723660942,82.03084717413661
0,66.10734604683101,84.63372837232289
0,64.2540323591434,84.06487632020647
0,73.26776250127486,85.67364136547239
0,67.05978113602572,83.07959807669728
0,65.01414182780688,81.72658983399543
0,68.13283986410934,81.06252017844811
0,66.63180650586283,88.32779915808173
0,69.37057391996696,82.72348025208663
0,66.63640792015715,81.7717689576503
0,66.95597789381594,86.67423702430834
0,66.94347844492695,80.35758132329026
0,70.41847932603392,83.44068420556644
0,65.37676290573467,85.3305021340139
0,64.61211369288134,80.53624568722478
0,66.78461103422272,87.99440228528613
0,66.65890044743665,81.32560356384806
0,68.2372958663631,82.67424423756427
0,66.80134079817726,83.3109083738993
0,68.04614604511956,84.68135480625503
0,64.63512645366691,87.99844452742065
0,65.14229896783027,87.12793856167755
0,70.85223571250836,87.76588796459733
0,68.51405319541077,84.11259041420514
0,67.11154169791133,86.1459979031983
0,66.00828284873366,83.51283358994888
0,66.06897426163594,83.0774181506634
0,67.19879647028743,84.07600009228881
0,66.05286939237814,85.92602454896956
0,71.88612476237758,83.66248220017036
0,68.8023885433805,78.82359118759693
0,66.6546362633067,84.6915589221581
0,66.10483065825974,92.59582609389234
0,64.51403517317014,85.61029001046253
0,29.975050898835867,78.63130187279295
0,29.81033414032804,75.93645551139367
0,31.19061505871857,74.77029856488983
0,23.744575373796078,77.30686677864065
0,30.80985305699849,75.83623375538079
0,29.33018954060621,75.27088009871754
0,28.481686678353718,75.87640219225081
0,31.745053522674013,74.65068353835909
0,28.551520448292337,73.8465209899873
0,29.795234601362843,74.87089707099108
0,26.9843989443021,76.66344864469093
0,30.646792761561947,76.94447128522145
0,32.063228284207135,78.2428017387805
0,28.721490543594655,74.01587895986003
0,29.911403451055946,76.6368247729681
0,31.6978377962142,75.78445860262424
0,31.601971985666726,72.51199511201045
0,28.104434512667403,73.35566944713992
0,32.02315489100839,75.03142760180813
0,27.48238634931184,76.05415129771575
0,30.738948537916748,76.96399125218682
0,30.514284102363465,76.58089113163912
0,30.108101957451492,76.16992917181292
0,30.10783475973586,74.34244297282041
0,29.92934323875045,75.85171927171271
0,29.980359077854928,76.04571233047743
0,28.181516960435268,73.17577691849647
0,28.81153957484105,80.05411931348914
0,27.55527056775477,76.9650000608474
0,29.09290309528509,75.29033210308575
0,29.800298083879788,77.05139125916759
0,30.17946559402791,74.74122457639577
0,32.57307883237582,74.60615593626416
0,29.735064541284654,77.22347053161982
0,29.59753613785168,77.27850288219204
0,29.943987361103655,76.56047610978334
0,31.219876769023017,79.6512887559185
0,28.88816300637115,77.92439712951209
0,29.097857094888045,74.21133812338009
0,30.908287852591847,76.50048561793815
0,27.734258524178234,73.82541932463153
0,33.071917814930316,75.75200847900145
0,33.45588831628945,78.26433215374895
0,33.0598638822892,73.18548937328354
0,31.510000817965622,72.92382387716448
0,27.035189232255192,74.46144031388079
0,28.65456703149559,76.47878287578429
0,29.335669206339453,76.61503584353618
0,25.768101149474635,74.53206870543684
0,27.566989939404312,76.36604914381176
0,31.679446037844947,76.90885422157798
0,29.476432303946805,74.29142383051345
0,31.385536543549236,75.6709208431225
0,32.171994414590436,75.601491767399
0,72.96452132897919,89.60634324710917
0,78.42440541487458,103.32268083970527
0,75.79107019754903,91.58972108559864
0,66.62702879125703,100.5639291353338
0,83.52629814928777,102.06324852029223
0,80.61125728894137,92.37285697124345
0,77.09406158987103,93.64959655984278
0,80.03551227317146,93.05865652988436
0,72.5420820703586,103.31587415814666
0,82.47005035219782,103.25472758613897
0,78.63944496006673,95.21181520006976
0,75.34164495947152,90.76653507499891
0,84.10159637885057,98.36985489619269
0,80.71420022189318,98.01944839695558
0,86.71645213388453,91.41910451847079
0,76.89882910299376,99.25417053587218
0,72.87305249687978,95.40829032594267
0,71.4441392155613,91.56671479227164
0,78.7187887191764,102.2971940351263
0,74.6987730313984,92.9563500560677
0,79.81524653476885,98.49899933035667
0,75.37494485586642,91.71573909082682
0,77.47589255103351,95.2858342518644
0,73.70728394033851,94.17672230845109
0,79.9862647525886,95.20538320921153
0,75.98932607605673,103.3453910737961
0,80.32512826451702,99.69745081422734
0,80.82940016036673,96.54445630746636
0,71.9144335812934,99.94438684550623
0,79.14561155212958,85.78264801062478
0,76.16706341177351,89.38316919640219
0,77.77131617798891,91.95113522315148
0,75.13275978482925,94.49617184526304
0,74.95553773543436,93.40770749678549
0,66.74533800205235,99.53448252035207
0,78.92445339085423,95.11306426837423
0,78.49378796302146,87.0875496655582
0,77.4242934553225,98.01040768984905
0,73.23487932015419,87.54333927095122
0,67.96615206830252,89.16794428062407
0,71.94282339621785,97.450542784897
0,76.36531401221801,94.05088265986106
0,68.37482215867588,90.40372746329487
0,78.25086340346294,99.82827585715748
0,74.67842648299953,91.82055499728327
0,71.09421131232195,87.9965019368311
0,79.36870044355541,94.3963426409762
0,76.72066968616005,93.68579869655919
0,78.47430168169105,90.09948832075055
0,70.51167499395993,104.29347111303352
0,77.10008822513116,89.5888215748054
0,76.24488777795042,92.00643927347862
0,43.57815767621893,50.6182561433981
0,39.213038368011496,58.22392760153534
0,42.054303616814515,62.76083429171477
0,42.222398298623,60.21121960278408
0,37.473483570205374,57.49866719227275
0,42.47878965863396,56.3972266287268
0,41.086730953803034,50.230163883476
0,39.29861302447345,55.47082629592748
0,39.12458628547746,55.97744519210438
0,40.87860276897653,58.63968802522122
0,38.90689094805849,57.141729872875224
0,39.32949541113562,59.243904262994086
0,42.70290758548616,55.854366285278914
0,41.33566181106659,55.74979982108338
0,40.31296238142467,57.109780903680154
0,39.95621573031173,54.34653087061286
0,42.48792394700879,59.21314264095446
0,41.349781203071934,61.173787721306184
0,40.736949588625315,58.66694779504219
0,41.215414087522994,59.68636719448828
0,41.95366780700186,52.86040123748664
0,38.47592291373909,59.548766341379554
0,40.48711079064795,58.374454275164716
0,41.273067443052184,63.11240323990564
0,40.203195526432296,53.49613529061884
0,38.335524287286766,57.4558865576758
0,40.31226375532306,58.30874094486679
0,41.80003637274441,51.68240391849297
0,38.08612515699612,56.22821631535852
0,40.04588645486552,62.04228595697508
0,39.29590425031932,58.400154179850496
0,42.66760574800116,57.642811562176156
0,41.50826436841333,49.91054552503928
0,38.03447725503624,56.845362763715286
0,44.19769770948984,62.60643767691064
0,40.92267590864158,52.589936493541835
0,38.781529146130254,58.93512006757678
0,40.395649971482854,55.863005663562106
0,38.844635596069025,63.82037975521837
0,39.85190476907175,61.54241579823047
0,40.49481671230255,58.684169373799996
0,38.807558696685774,60.08962479160073
0,36.3963934914389,50.37879477748942
0,38.34953094980096,65.72598275936016
0,41.038172185713,53.470264538040745
0,39.414496302283005,50.46409632022812
0,41.21315669925389,52.92453558007598
0,39.18143619100015,50.237507014611474
0,38.28571173109921,63.138338198540936
0,37.0891054558779,58.32695794737475
0,39.67303612725675,59.00603400660078
0,38.563598561100676,56.2590799358192
0,39.7155577355827,52.306806382470384
0,37.707606797723884,56.305111005307424
0,48.446940083374884,46.871148363225295
0,53.93166193660781,46.293054131001696
0,42.5765780921258,48.61458881697035
0,49.35097665718235,48.623017606178834
0,49.4117362360489,48.307305332260206
0,45.25918159023192,46.33521889398048
0,44.79843027203923,49.4021171156081
0,49.01149391079582,45.678527762704704
0,38.858339808026834,45.778240374190965
0,50.42472113583793,49.499470758801415
0,48.29196728621437,45.09706371362754
0,44.60721106036367,48.803763592837484
0,50.653158484155405,47.76148785799735
0,47.26437141830532,45.381147360463956
0,45.653314953771684,46.294639932612014
0,42.709791679209964,46.78481992047571
0,45.11583355806098,43.205433965347645
0,43.898796080424866,45.10835816704685
0,52.115666046022625,47.68774427797692
0,46.91980292005852,46.17103244950702
0,36.47930544116303,47.573876546537
0,43.700608723861684,42.53158780480516
0,52.82180607759237,47.00240313737332
0,48.428435680819305,44.28365751353073
0,45.599478785358,40.53838731033652
0,47.76687332366777,50.99485731451992
0,51.37669779967095,48.20786719506324
0,43.97216795224486,46.92442945971848
0,61.32737493538774,49.483799287125755
0,42.490512413117415,53.296751682868454
0,53.19580312213333,48.273396068228834
0,54.77652380991101,47.39807427637911
0,48.82855243319689,43.46775967562333
0,55.43634583724498,42.819604584675
0,47.11859480190273,50.69956165826237
0,45.12211633744781,50.39862507099021
0,43.28190998645663,43.56784478004047
0,43.32297628983097,42.03831261871185
0,47.280215985854234,46.07098933683996
0,47.31768332313612,48.68345691375735
0,41.1239238338663,52.049795829778574
0,48.00530430537962,51.037485711241736
1,39.12367582848562,34.29289654086741
1,45.43134535787577,39.17508763977885
1,33.94328746809705,39.81443918495765
1,49.210935667453775,32.73555782294139
1,50.451982622008494,39.2948273596964
1,40.37669151594555,37.37009759181081
1,49.92452982099597,40.11059135088284
1,43.91102211396115,37.754047240146626
1,49.54136403710443,34.07659370934312
1,49.88709453268158,36.16558017410781
1,38.91000364260989,37.007752248124646
1,38.581341318855976,39.11061043907343
1,41.816203280292946,31.519852270566716
1,44.41501426753519,39.80593555415557
1,36.20530377654303,42.14776071633823
1,46.53192896444803,43.49275890568962
1,60.77630466846334,41.27204896791258
1,45.26783445718041,32.997919015261324
1,46.797919212884636,35.79824760723951
1,40.00207559706207,46.23149373080974
1,44.11322059531591,33.25045841917466
1,54.173368763471416,42.43085602565663
1,46.79337116667362,33.74370833013192
1,46.04574862169341,37.52851488690461
1,47.85291560892936,40.96849227240969
1,45.59048595429489,36.96728298231243
1,46.28776800475627,33.21906400297628
1,49.55591874056766,38.9426946535535
1,42.045498974789346,32.91659049972526
1,46.048643847256315,36.82405698197199
1,39.62547562295114,36.05644661656774
1,43.0597091886487,33.74508085404464
1,51.43194454769429,42.81416968392588
1,43.116824350370024,36.98161282189442
1,44.33636416581553,38.80720216393406
1,50.350740304243956,34.944484388405776
1,47.70408185906355,33.460694839052756
1,38.281694334174674,39.6842200981131
1,45.09491966210533,36.890967090501874
1,41.50995383141933,37.255747115250756
1,45.73082247616676,39.55759910388116
1,35.46789599980656,37.66459951930133
1,39.00067463511253,35.27391690292514
1,36.50129958817278,38.90638437606952
1,36.276000712421165,35.72467066736873
1,38.63485284772865,40.05107589420511
1,53.408809586932996,37.25223256083691
1,37.54555871506007,40.85853838938013
1,51.14467221875142,37.264514712863715
1,44.23659107215515,30.8389234754042
1,42.36780561143371,32.50696876812351
1,41.43350460127873,42.67567245410918
1,48.39977404256061,31.939170317433703
1,52.10596376989341,39.61910631302635
1,41.1934005151506,40.12976892063444
1,41.23683556844456,38.377223433541
1,47.39464451400243,39.20306016745966
1,46.36607275099675,35.942303379783944
1,41.86323117041708,38.59905543626836
1,51.15692002475097,43.31498673404546
1,26.73848541239613,14.094202412983547
1,33.25205539591438,18.128035525206393
1,33.133396203487564,20.75410505987407
1,34.7948365361615,21.115137505481364
1,30.957870266432653,19.36245097951806
1,38.24031148188882,11.841524313941118
1,39.24133748872891,17.81986490896956
1,34.942299200152895,12.487133755425422
1,29.78638428565633,18.657470494756826
1,43.297654902131264,13.334992310861518
1,33.93007859988073,17.805354117200167
1,34.11304647936748,17.426302405066174
1,40.19857208605527,12.63474545421484
1,34.29143182670841,18.435012724650946
1,35.4415098842203,12.906471025203913
1,31.090820222873283,13.16405513039208
1,31.54721090194356,14.521904743854355
1,36.14298814180866,17.031120285981373
1,31.331265567271743,18.243519344294192
1,34.25304854459003,14.977785061722248
1,26.333319211086533,14.42864154169102
1,26.423155681489636,17.412189566646962
1,35.24617561130942,15.202741031257638
1,33.999080142522466,13.978497180077966
1,28.397660321847322,19.763180807452887
1,35.674053902473034,18.05448818535426
1,32.97711098538549,11.265415563539145
1,36.74851765814947,16.18250751672277
1,36.78827369930724,12.392111351708932
1,37.68650391152943,20.664623778352194
1,31.679671988586044,19.29994747335814
1,28.048300956503738,19.561965143234048
1,30.36232601066108,19.008040869812994
1,33.07840442937245,17.14582054524294
1,45.27076568295441,18.066313874665642
1,35.8283695590022,15.328684452024412
1,34.37876073043476,14.35740056678503
1,31.014572062553828,16.21611676705483
1,32.32060238739652,14.495804748636738
1,36.67544359964645,14.408307203373784
1,34.00639068703628,18.215327768989077
1,36.06037686801528,15.658144123974262
1,33.773905724483676,17.19567994378145
1,35.092600518441984,18.357001407967708
1,31.353069668328537,19.67940909131652
1,37.72391871147286,18.732538927870316
1,95.96393674835365,62.20172974673411
1,95.67390214343169,56.42810502359591
1,93.31971652722807,58.8632819810396
1,95.98812230541446,55.63106043076939
1,94.29592084557603,56.18451873949947
1,100.89566940203741,54.946058855395236
1,98.23875145756509,52.13552517984007
1,91.0448522088657,58.973528499690254
1,101.9329176569608,58.36498794205582
1,94.41386382386453,61.145271820197635
1,93.87842022864109,57.17274734394789
1,91.71504783293723,57.19643830012845
1,98.3372589500221,56.18469783937809
1,95.47530639455935,61.554644677312
1,92.3462982950628,60.07925986674434
1,93.24981362613423,55.69551931262533
1,98.24201615748544,56.78741291143862
1,93.23868072687478,59.12680969630246
1,98.19027320327065,60.32792508144446
1,97.14263665381816,50.88433310149251
1,89.40967072717837,54.263185926398336
1,99.48234219586126,57.857701261959285
1,92.95215130049188,59.2666642348326
1,97.18631495552361,54.58431114740889
1,100.83426432058135,56.06961135004828
1,95.67628636396016,57.4911554600528
1,99.08191893652514,59.446025528331226
1,96.47109461621032,59.44622992221855
1,93.25111272487354,61.33210856891209
1,100.47204810170985,56.9628394480919
1,91.29313249125336,56.45036957095208
1,87.51419308817559,56.33124633604511
1,98.26248125795122,59.891145906840386
1,92.06308389340603,55.664649370548524
1,94.498380710766,58.61532625828318
1,94.60647960773373,57.974425138504266
1,95.41597433034745,56.1360170328845
1,101.27144596819096,56.394970813946145
1,90.71439516903071,58.572822561408465
1,97.03625758124481,56.149028201894154
1,98.14535099460018,58.37980112799534
1,99.37219938275703,58.63991241494184
1,86.33059146559592,55.1593066314617
1,103.674418104381,57.208240152388996
1,91.71064157901259,60.397344212214264
1,94.75509262949173,54.49506952899533
1,101.3493847456331,61.890727059119726
1,92.25651236999578,59.277194962849265
1,98.66097764194625,66.6153051269602
1,96.63691163677159,51.814948552863385
1,93.29441971420748,54.52215304797895
1,98.20409595486764,56.364568427468136
1,98.44195256990506,59.049968370630566
1,100.34379043793288,61.12719409534641
1,96.95256183315843,52.16637824645739
1,91.4172618588514,58.4101656886774
1,98.03206178230977,60.60696985337407
1,14.578843292784004,41.72621052594361
1,10.509974831552563,41.570902512823174
1,14.170354268636,42.85804515477823
1,12.905352166390951,40.1568427411013
1,13.69924914640793,43.11620997902518
1,10.58105627257978,41.841638310282576
1,5.08002024482156,42.464402091643926
1,16.336388268174712,42.355336600029
1,14.487012748289867,40.79350551104339
1,10.88675249488591,41.872136035889284
1,11.457488370101418,41.19256098115731
1,17.119402179686496,40.89981448933405
1,14.770516857521281,40.964936399532036
1,7.29673739331206,41.82333382429147
1,16.888843713216616,42.99813385134024
1,14.677112042964772,42.21036828851591
1,8.94907157618061,42.006744865227866
1,16.784437463691752,41.03661796861347
1,18.665236829754978,42.11820222636891
1,9.356075265389082,43.667103283939056
1,14.520707926198217,40.80456256441787
1,19.417186015533368,41.21299018498439
1,15.205008505181349,42.72875510578752
1,9.671341722549794,43.070883392808724
1,11.655876930540309,40.82355315901079
1,5.546097452908856,41.72076138573055
1,11.612108833321134,41.9083441588855
1,12.459893902963806,40.65395316063881
1,13.262314856542528,41.0425802669204
1,10.595687722974807,39.919416018985544
1,8.77428866123834,41.84634116111498
1,9.786238256397617,40.37778904037731
1,8.477815115134119,41.73161678027151
1,18.293106623645542,41.858125708077836
1,13.279036654533483,42.12375826424169
1,11.556434825670994,40.98738724807572
1,18.944942429496255,42.25016887463376
1,4.194910834939942,43.56208054309186
1,11.80603852914367,42.06504235693564
1,12.22683044445993,42.944170673113945
1,9.363397357947756,42.257596302129784
1,11.156282348382716,42.59167930449958
1,12.054351275186647,41.90703737885732
1,16.768721153656678,42.98037919491201
1,13.099871638456456,42.70824870585619
1,8.267767791770257,42.85608620087424
1,15.822911277920559,41.10672138185345
1,61.11891513412584,33.625991395743505
1,64.48461242925016,35.389963225373826
1,71.88282341484303,36.93519118292545
1,63.877541186076066,33.81109195957626
1,61.38954376823821,38.001920208643426
1,63.916089320110075,33.55898020599939
1,67.61991870356809,33.22773295930211
1,63.95871919240619,36.0778613262658
1,63.64501621345573,33.01361721925492
1,64.29505074444756,34.65709312646503
1,54.23258597057391,37.352454072525404
1,61.34933656571892,38.69397078953019
1,68.7865744457944,35.328365445531325
1,72.08606853927041,34.75090888576306
1,63.682941582574486,37.133437986692556
1,56.86451217195839,34.35694422322201
1,69.42011122477662,33.531046655760704
1,68.51432536706392,34.73174373236307
1,61.867648699723986,32.00280482554987
1,69.64673414806362,37.0078040202716
1,65.80643358811398,36.347023254822126
1,61.425829715438546,32.034664702277844
1,63.77682601861069,31.87178856460962
1,69.20678348338235,33.286799819002574
1,66.23684458504682,38.566451664465674
1,63.009809562754164,32.8270815779127
1,57.52927080909705,34.118775440265296
1,60.89754855557811,32.18989678831817
1,60.14342736951225,32.53174932106617
1,75.43530324842989,35.53945675932364
1,72.31246435200329,35.53033433841732
1,65.8364935861447,33.41538843145488
1,64.12570886700337,37.926242609222264
1,61.180383554519615,36.82345182248227
1,60.53435192234031,34.33925802777236
1,65.4644022721683,38.11231828500301
1,75.49194865355796,33.54966712513359
1,64.38463161567924,36.36433701386489
1,61.90558221407082,37.06172918637546
1,65.74311087352368,36.368289164847276
1,62.10218673879648,35.501755492780255
1,68.55346195248312,31.491017141943185
1,67.77535400643308,33.28156001265067
1,68.42782817655406,35.1863245772791
1,57.279814758780084,35.46759700465942
1,61.22723636002032,37.37400524993892
1,62.95329824696736,32.974955478153895
1,67.13984946872203,41.52132478144811
1,67.13326657083525,36.603970228502156
1,71.2820112945054,36.187597829095594
1,2.6151351096274027,36.16703451560956
1,-0.34176720993885734,37.15692611298076
1,3.1193876392104642,43.64077929560144
1,5.6970503773506245,31.822607453487635
1,0.10248027900663592,35.192788854351456
1,1.649089879271475,32.019663797203194
1,3.6967344228669194,36.23361735744117
1,3.377403935791809,43.65644771849395
1,2.6789255246917483,34.67483705468505
1,0.5511008434982139,35.76028081384036
1,4.418572770419171,44.941227623270414
1,2.8885444634697537,45.89562171041426
1,2.6877879492399877,31.026682219483966
1,3.784510549015387,32.92037490637571
1,3.0896707603261357,29.67873173057197
1,4.491039727599689,32.634288811364655
1,2.7383060024015085,33.76881828983941
1,1.9848114603486038,46.45393875900249
1,-0.24213469479727268,38.82396091886064
1,4.913019722344439,39.50158984408044
1,2.0104685424579576,34.115632430152715
1,6.1748916208255435,29.929717251410757
1,1.73038554633423,43.485332884062146
1,2.3712678365714015,35.21946990154892
1,7.305018678142582,30.61922612678193
1,1.7929823317983824,36.86117034627639
1,-0.8335349525781912,36.05635519102266
1,6.326719029810507,33.40518859593978
1,2.4293499929426634,28.773203471906484
1,6.154473049023345,39.35964139756844
1,1.3460955667214805,32.25540132651083
1,65.0362632786168,66.58873826833121
1,61.46624233431206,66.06829367355333
1,62.31280206858085,70.53840214646269
1,65.23992931887527,64.06004945358706
1,65.04780959362618,67.9313863922588
1,63.25031804631795,65.06059510283315
1,65.68481542728853,70.32071791369845
1,58.3805082902005,68.31720534186546
1,65.16251261162304,69.24014114493075
1,65.7390466908819,70.67334934723985
1,66.44553847429277,71.09527278260683
1,69.68647806837815,73.28201655885799
1,61.85696078774001,65.78354815329014
1,65.16287158971016,72.29937862737073
1,59.18621725478832,65.98494794113104
1,56.59350146924668,70.97561059978212
1,58.55126496146065,68.39154853140607
1,66.47539071842787,67.94665788868468
1,59.83019588718105,67.01267601962218
1,61.4541943426369,69.12314958129782
1,64.62143236086636,68.45696852593633
1,64.05678405602661,68.21664551293634
1,65.87785731410548,67.26870625987493
1,64.83100898140299,69.42235773298081
1,62.14734678347446,67.58234158562092
1,61.75923315700862,70.77202614289578
1,64.15393484425707,67.99421617765564
1,62.36371098301101,65.7838234249149
1,60.29977906990918,70.23964746829056
1,63.81764970606639,70.64865860737294
1,69.63926184923673,68.97157486095503
1,63.011726588505276,66.97506141811986
1,62.39565107056416,64.4515456862397
1,69.67484059003559,72.58698087053543
1,67.35204857259976,67.51368400310025
1,59.68557459639203,71.26399107380814
1,63.73461326504884,67.68445612329148
1,64.3636482975116,67.45331776553665
1,65.86271922554747,65.77743829151485
1,64.84162949750026,68.6282457988002
1,64.09448119074014,71.21177909190612
1,64.82554502316086,69.61420516972005
1,55.863839966938244,69.88953846855776
1,61.65890655879395,69.13702786913167
1,62.877931380035314,69.70120687252734
1,66.89540076313496,67.6085095368632
1,62.31230247703182,69.05444371476077
1,67.80372975453474,68.6430307078038
1,59.46852881413097,67.02103534523874
1,62.52111267226003,69.52198766983375
1,68.77072435878598,69.45781193700651
1,23.196987183622383,71.1343880508836
1,23.64748790898888,67.65915545855825
1,22.964550082305916,73.82438395089419
1,26.58211562179819,73.0854224713187
1,28.133248364430642,70.99659484109903
1,32.8451244127251,71.04192210263352
1,21.91288798900713,68.56032607009584
1,24.95616799630148,73.92830382964544
1,24.98689644062893,72.20861093476731
1,17.227731783264225,73.95780279465362
1,18.95085812484998,69.42665551772299
1,32.33140134087726,68.62817938959395
1,22.62624007399538,76.43400272328643
1,29.358924211699726,71.25689727546423
1,23.260543871550016,68.5684342613554
1,26.35963655822426,70.04625490177023
1,28.314380328409925,66.83598554699762
1,23.515084838226695,71.11315393809271
1,21.25791153146589,66.42124875587487
1,23.316475262151815,73.07069822525456
1,35.97827409553216,68.65815667275727
1,17.763868031628977,66.778619431286
1,36.05434026083773,69.17449249418752
1,31.39253899059107,70.96939670499076
1,28.57042253874239,66.12697393450608
1,23.300430371484666,66.01574065639684
1,21.251152213261147,70.60087504629618
1,22.282327313192567,67.9968628139839
1,17.653357938639505,69.77751927778496
1,32.495022628081685,66.5943902846787
1,19.161512807628714,70.22400326190169
1,25.000107607775384,71.20003287301292
1,36.203376609643556,72.81795728643394
1,30.366191551254367,73.75546307765453
1,18.658491708702222,69.60391969750455
1,16.651568670193498,72.19394811826889
1,25.037313545695493,71.12222183892442
1,35.0027977187261,71.93894137831806
1,19.54652729091083,72.76595547231538
1,27.84126681344976,68.54603201006204
1,23.069909352893404,71.68820564768501
1,22.813671630769257,68.14594360384623
1,32.19756921511859,65.37671822538127
1,26.52346510811966,71.03105883710933
1,28.670148468980553,64.08504584387158
1,23.3266987545992,67.25279722132674
1,30.770456033957732,67.85287545040102
1,23.56472562281654,72.60651181658272
1,30.190184359030987,72.53984408963191
1,28.004939754052657,72.09552838483701
1,30.36692167325629,70.95570752722334
1,26.47750810237933,71.4497881022867
1,31.779824628895586,70.68308466901021
1,21.9562991738709,69.62066148242107
1,33.72494644270703,68.19016316295682
1,28.461460151467698,70.32116661359382
1,22.847536815031642,70.38071775598426
1,32.7585950685002,73.89386727782399
1,18.986257664656755,74.96898861227974
1,21.318470676583626,70.89830030074334
1,32.134127068708445,71.07940616744602
1,28.540153747241874,70.85693214172646
1,33.95276256746499,73.71985752825381
1,31.960224791696852,73.88672572694875
1,26.028575973501344,69.57986674666637
1,31.925738533275922,66.32413055213217
1,25.353347973811978,77.73449654514164
1,37.79237852486495,57.31985364554924
1,38.74530094164566,59.54574318361815
1,36.32815405433635,60.23107280668893
1,37.63462668406258,61.68110634453636
1,38.52733559342142,57.38412515406648
1,38.203444919504825,62.04320868966372
1,36.23747253407536,56.99158695868671
1,38.87932161929537,59.38558406420959
1,38.45893234341723,63.50175661782217
1,38.86070700375409,56.73018457398636
1,39.106110695790804,54.98624791563658
1,38.03960448295361,59.158705979635634
1,38.006354571336615,62.025515771181155
1,39.65432550260824,57.0763842325212
1,38.653318310298374,63.316570673138436
1,38.359171638314166,59.700454326148304
1,39.111675337572144,59.28830828406128
1,36.426484916689226,62.07282014805136
1,37.33878215983123,58.608748204746796
1,37.202702918055664,58.274441616223186
1,40.754008409917695,57.605783141020964
1,38.41749281397462,55.30270517182372
1,39.070318993780944,58.38754006665296
1,36.780000193205936,60.16167094233594
1,38.40415961135146,57.69200697965296
1,36.762343985954004,55.70689409423835
1,38.22602112578787,59.19133922813795
1,37.68383417050417,54.57822819955563
1,36.68573135041335,56.77247145755193
1,37.90104912417238,56.69233620860678
1,39.5805732469973,60.55409479000884
1,38.28166661091505,56.227968753431
1,38.7692001398793,60.8898621393632
1,37.46709813337183,57.04082354629205
1,39.062973057174155,61.5562840600209
1,37.21037735281758,58.84261413025715
1,38.668365402066144,58.57529110372124
1,37.77134099432299,62.07084592354685
1,39.59423589624755,60.15462286282125
1,37.05386416682513,58.32202684967117
1,36.32559496047023,59.9891359092756
1,39.48539670248207,56.72720543391571
1,39.74972672946631,59.595714168559375
1,37.24031596479977,60.64721340135506
1,38.06641479914408,54.513976052339885
1,38.19675835065519,60.168046151707216
1,40.04629278630976,57.13963599705025
1,39.37310539662982,57.717838463590475
1,39.92801218089672,58.87976741380391
1,37.097118342602855,59.309554293251814
1,36.25315863072576,58.541392305227184
1,37.91985839594671,58.0450023880823
1,37.48601410661668,58.77859596311197
1,37.22538068320876,60.46268262139632
1,39.62086404588481,60.47761356889192
1,36.70695519545877,56.293486358211496
1,35.58395277473879,58.310299358694095
1,36.17441466849593,57.991028937087385
1,38.76660473874185,60.20153293186669
1,36.19005490866375,56.180689841181895
1,38.424424444266805,58.260996480548656
1,36.09656846547901,58.58325023738951
1,38.999971096125336,62.31089770097983
1,36.125299643083025,60.22004076280515
1,39.33690184823357,55.60966399026077
1,39.026292324499934,53.06286940705337
1,39.33058463094639,59.6330139711353
1,38.575090444726705,59.28945367004386
1,20.241447900217043,86.27457721546232
1,18.802542877555602,78.96526315779535
1,18.30021246160942,87.8207305137543
1,21.653845665102338,83.06753901074863
1,20.873603391355378,81.51786157115082
1,19.931914616243002,84.98740902426226
1,21.659943905841462,82.66075753363761
1,20.19858922639656,83.30005716995433
1,19.007945716274484,83.65244774101564
1,21.707220522824258,89.17619345402466
1,22.454872471515642,87.56746104248285
1,19.553913504144695,85.30890364586875
1,21.29038009092401,85.81304191976974
1,19.939307698135895,86.77149822464804
1,19.315117451055613,89.72622945012623
1,18.84728897106945,85.87427303661464
1,20.34692485841741,82.8316409407458
1,21.48176756513255,79.87670851338753
1,24.286556109005204,84.06122694889277
1,21.09288420865888,84.81660264685593
1,20.63844500168623,86.3941191376009
1,19.53741170794015,87.51590457614441
1,19.728190439879874,88.28700157268695
1,20.601068031578983,91.54461631450135
1,21.37047626859458,82.31146154831721
1,20.687449352511027,90.43396935208874
1,23.31254738379563,84.18175632357422
1,21.16293871838898,84.9419931444507
1,20.810548971205243,89.1603265848731
1,20.89603426952014,89.60702652918391
1,19.389072073001245,82.34964466319033
1,20.12838484780451,91.05740064575348
1,18.144541495372263,81.60890332018649
1,20.40118924108421,88.05711473662117
1,23.22733968852784,84.2176027145021
1,20.138509279918914,83.15798385140049
1,20.05273993154818,84.72234711672614
1,20.35379145814681,80.32893613242925
1,19.135658325866697,83.77973001291028
1,21.065084896289424,81.5359386917231
1,20.87827365355733,86.8498325398264
1,19.72716922129069,83.76314740052366
1,20.859452770058454,81.07574775116181
1,22.773111407468523,82.51047680249222
1,21.482729055594465,82.92452259813466
1,21.062560472794093,88.03552181933067
1,23.14403419679273,86.15873825614892
1,23.671529094415895,78.80094620420041
1,21.375828692576565,84.49466079607184
1,20.399790207914247,89.76025390771397
1,20.348364267549016,88.12527120557921
1,31.043196337317987,31.71334479736587
1,34.47492881668665,29.72771991674778
1,33.3254718710503,45.71675592543773
1,32.841933841232965,43.162916623545016
1,32.56279391039078,41.503385967949505
1,35.25588550747048,36.774094144534565
1,33.72820928614897,44.09434966625545
1,34.124702095371745,36.6345074677656
1,32.22522098696807,34.70458826932069
1,33.28284812740573,38.038371654920496
1,33.95405982854153,42.05747784878267
1,35.08000716564198,24.418715121845324
1,35.00003839582027,35.140464793478515
1,30.551132190481773,34.12944520882711
1,32.128847744728276,35.368421533985355
1,33.261421213992776,36.13197249329057
1,31.509908266390372,37.71322275558727
1,33.07126599830466,29.626944999541664
1,34.50354061467503,43.90463745995057
1,32.32115136950359,41.73094061830569
1,33.78545771905183,43.79192586072758
1,32.44527290474916,32.13280032794251
1,32.766597882263916,46.255893673892714
1,33.115381704756956,35.923991914620565
1,32.99331574604413,33.769305135259216
1,33.83637973541775,42.83649191256236
1,31.77494872366911,39.862381929110455
1,33.98484873972985,42.43312066096059
1,33.525204779793754,36.82495515621303
1,31.156752326244746,36.332045305330475
1,32.19862865045491,42.85268701683599
1,31.816892470237853,37.14964961066498
1,32.04953862005748,47.36173142148677
1,32.62054304309951,31.609759134666106
1,33.1870592137893,42.73776084444485
1,32.968269972888834,36.500672825039544
1,33.54951453971204,37.4018807695154
1,33.21460659814686,36.1204582193395
1,31.75575716697059,45.514532334443125
1,33.491366569061086,40.70289159980453
1,32.01786449892531,36.65101276073962
1,33.72147770250579,35.813870973133604
1,32.12434180245782,45.50459602423253
1,31.78435942415736,41.1504613806661
1,35.11267495275049,40.62688829832462
1,33.1777800056871,38.84362596701887
1,42.46010087534968,13.480575917503268
1,48.9664715000843,14.363830533629956
1,48.03227720455011,13.850406747365444
1,46.81487757220639,15.392359280948085
1,46.76062136416101,17.478332805254357
1,45.30229114089703,15.922492753483123
1,44.89558692135391,15.638990737223018
1,45.64734292668696,14.638738333661918
1,45.73469761708349,11.638243169581319
1,41.1350312364881,14.486605259869396
1,44.40383154951381,17.228791957416213
1,42.66996745772597,16.474370613542604
1,46.327671771765395,14.439260385540772
1,46.95739808188474,12.323730899025664
1,50.12436404509641,15.238014465379166
1,43.55956940024916,14.955564122455687
1,46.389403335331025,16.129141517723884
1,45.300018480099325,13.873830790459618
1,45.89469066261823,16.267852519091214
1,48.62632620268074,17.40364148413733
1,44.51220975831915,13.583793070889035
1,49.503021963146445,17.1992672774963
1,43.73510524352414,17.903568740542823
1,48.289531710690156,13.95206617545744
1,48.046447449165626,11.723382787418611
1,49.03489003951181,16.526695999480545
1,43.587235917554125,13.580566644358507
1,47.07545685943577,15.734157841736394
1,43.85396881101473,17.06771306002715
1,47.67068872959042,14.659319422855097
1,42.37368547402128,15.41770590212214
1,47.44616131533848,14.332894589967102
1,41.612259870373656,15.599057120161195
1,43.76334196684602,18.185786417464858
1,41.06242962337504,13.461044346421303
1,44.752039534134326,14.66416187640389
1,42.410962994109,15.34740935187933
1,50.023801398913506,16.36558316585191
1,42.80365852300919,14.412254385438969
1,41.22459136766776,18.21028758975564
1,43.3282798967771,18.193355223128442
1,44.78563869876714,14.730487531875047
1,44.25792828848278,15.474539801643981
1,46.56280644477947,15.361943531532273
1,42.39860359137337,15.892858527030413
1,43.53820283799737,15.690898624133688
1,44.07298203449034,15.03658809966361
1,47.1401070555102,12.201949055750262
1,45.94083990269189,13.758270824738833
1,47.66932389589136,14.076097912394804
1,45.38714730000179,15.460982406550611
1,44.393424968588,16.145040210872565
1,44.397922712424965,12.582681371402693
1,47.197807854064955,13.99014914361023
1,41.196247870141576,16.865826923175284
1,46.981827554943116,100.16602486965066
1,47.153875220815394,99.82645065689528
1,47.146387988423854,100.26219024690664
1,46.124307930846776,97.76454076167019
1,44.301669729776485,97.55454287491297
1,39.99555961318599,99.97523220667698
1,43.06512380309241,100.52247953025594
1,46.39983104732541,100.02601965518656
1,48.07942983344798,99.02204265917987
1,47.72056982033664,101.04210336263611
1,42.728013076652246,96.78403103839403
1,43.298232152298965,99.21468193953088
1,46.319093005817855,100.18678260934655
1,46.4045341373198,98.80385132838963
1,49.74087789172612,99.33718751152227
1,47.29003035568089,98.76582162435294
1,43.01903796083316,100.70660455005527
1,44.629780942198096,100.01005194919347
1,42.3408717265095,102.05491565761126
1,40.9140338190325,101.88926356295124
1,43.67931753516475,98.50995227768819
1,47.593225257663505,98.49139459284982
1,42.84146535627844,97.5767740262676
1,44.21215895867112,99.66100792698785
1,46.46914459337845,99.65547222384248
1,46.788829310181114,100.50550258245995
1,44.335664769219285,96.8884432328552
1,42.42176755534331,98.16591700170093
1,45.80815333914217,98.92892763094841
1,40.01318724386373,99.03769619877265
1,39.66092944840346,98.62967096174785
1,44.27920768531816,98.26057806676086
1,47.872222204611425,96.93318612647903
1,44.612980239564614,99.4042576440317
1,46.33332719052144,100.30491045436396
1,42.98976571441138,98.60607250215998
1,39.94117768038591,101.7238100972257
1,47.88471257586671,97.86302446715008
1,44.67620586979669,100.78489102966631
1,42.64822128976512,98.18340378362213
1,43.200920877633166,100.1603667218653
1,63.4496073973318,91.0337288951
1,67.94689183255247,87.1322284596602
1,62.67986641777827,84.80053070148874
1,62.484906284357976,92.46401794116389
1,62.30082885005944,93.05618525151438
1,52.13347881562122,91.95303670722076
1,59.39340819990322,95.58680787837066
1,63.91669594026286,94.88890825858732
1,61.89903749761182,85.22387863693201
1,55.899251455829415,86.65708416991745
1,65.82311977117915,90.69577206760647
1,59.56509025468511,88.74718689534673
1,53.460391114823025,85.75107635691138
1,54.8316923990984,82.6781245652466
1,59.9097073393917,88.9140808088906
1,63.68583321235949,88.41471273823342
1,52.193839438230825,92.34763855135397
1,60.05110435334805,87.27041617217901
1,65.94971110709136,85.81671265197711
1,63.35326126561872,86.62555891730814
1,60.5789887907504,82.19223237098132
1,61.51080259603368,90.30419890515059
1,52.21811755616283,86.64463422973725
1,64.48898566377308,87.22852312438654
1,66.92419642506127,85.13653314372387
1,66.93783586303815,89.72893761604792
1,59.2882619354251,90.57619683205037
1,59.49630408178986,88.64995153810182
1,58.58688468805678,88.60680267789628
1,60.96588224364602,89.61326682348503
1,61.1562555670645,85.95388732389748
1,66.64454055941734,85.72827186330903
1,64.51062255037724,88.13836112521359
1,63.00688642807817,90.97013348567778
1,65.58852319859626,91.12802792459013
1,63.056674737713536,89.67250015954896
1,64.39974672143731,90.19756756762158
1,73.42561368281423,92.25803761098913
1,63.13513216162172,85.61926013840787
1,55.426194638384125,91.36841114419465
1,63.7928402497584,93.01001201657415
1,64.60793154808714,91.62920673018031
1,59.074423617890574,87.43259670889672
1,57.27699320927164,94.55440889048468
1,54.29661802689171,91.72704025826357
1,71.17688628700664,82.73769817074927
1,63.72484171552473,91.6998954967624
1,60.33947117496623,92.49136742520544
1,56.85280740059653,85.77635979634968
1,58.17800025228002,89.97093391307021
1,56.30578016227203,85.38805388003789
1,67.56698963314633,84.86074748563223
2,32.41361932969308,21.293391138048857
2,27.731783680749423,17.080048501130076
2,31.120193304909588,17.235222457344232
2,26.518113943045552,12.361692971216783
2,28.372177362225923,16.275937660598924
2,28.668729361635187,16.243581867425966
2,27.821873103646126,20.32818903722835
2,25.433867660915073,20.862715694084173
2,35.0829020891409,19.641997481294972
2,25.331041860918702,19.886519210111803
2,25.885922516850457,15.008209233194261
2,33.94828524987522,13.023017551075993
2,23.983502410820112,17.86758222588159
2,30.835156756222062,20.80225250686803
2,29.74581219848019,18.00919999558975
2,32.1345103513065,17.381458197240654
2,28.46475430151692,20.460588083112633
2,27.646158779555076,17.170116304356966
2,22.948439690640992,17.296960762991713
2,27.820196848666026,17.260321115506777
2,27.167625270500018,16.920564424447655
2,31.53055567975985,18.477395399858374
2,32.02525564469276,21.964980679239744
2,23.620186109733353,17.989602729659012
2,23.376383652595973,18.893952264013812
2,25.194125444578386,16.94668627532918
2,27.786493677706126,14.592079666076643
2,26.562803941556027,19.83285327341538
2,26.05552909089902,15.341779136849539
2,28.698663705600737,17.01936832150838
2,28.48850980494631,18.7209639933847
2,31.426272477495505,18.602094619247325
2,23.126441167119662,18.2914545044023
2,33.84736121809081,14.004832995706899
2,30.167671095609112,17.617123103764516
2,28.936829453030814,17.21020302827208
2,33.27432336414798,18.01064384104202
2,31.916795503706993,21.113224661398085
2,30.946803543267205,17.76251342541276
2,25.316988888890872,13.216270883001766
2,29.75144198415166,16.349049898784443
2,23.797948316273608,17.007788581050292
2,27.70395036505132,18.87005925838552
2,31.074547599846483,17.266696141455643
2,28.238442637187475,20.741992076767655
2,35.12954488565002,15.904972159175141
2,22.84757044424687,18.648413878501348
2,31.25279416542165,18.694492647528907
2,25.7031195710961,16.952113091053832
2,5.27447087879124,65.44760302437638
2,13.345298646723519,59.68581186685944
2,9.608676009919767,63.98152712329234
2,15.81294711202618,66.16606766446681
2,12.398470154029702,62.725526447176044
2,10.445870711085865,65.4335094954943
2,5.633174773277713,73.05776877179817
2,7.623875432702722,67.33646564112453
2,11.397682733079112,71.47597311314517
2,6.3333973362303695,65.6209845054453
2,11.142106818814863,67.07235637776408
2,16.92201400596692,60.18560180271969
2,11.248322771541494,64.5934691446248
2,19.314374516136404,62.41398564332392
2,8.25461334606506,67.92904892218759
2,16.592915874071387,65.51751819224181
2,14.233177489226502,72.18872891579356
2,7.314733642580458,60.5877314315352
2,6.817632162473642,60.96101668939642
2,13.455709853298043,64.68806050098476
2,10.78231306635024,70.22840115928474
2,12.59750493066884,69.93139902962275
2,6.638735520647864,69.65857894436894
2,6.822720729361693,70.32808364656212
2,10.915850114729285,60.98978903811354
2,7.114111412721476,63.604425748962875
2,12.663870851457734,62.486841556843146
2,5.252388362903429,70.25967352814192
2,3.798525705592593,69.69282845987578
2,8.906043978078925,63.36376533926421
2,12.995040995387786,67.27452549200551
2,6.724371465497162,64.79954613522432
2,7.118641089283068,60.19914191311864
2,8.193911391280222,73.47995781783096
2,10.077949338836525,53.89405375122348
2,6.54645779585851,64.11225503968242
2,9.871815246604093,63.14612728912193
2,3.251856744023618,73.02242945101194
2,3.651505708020477,63.80664605821253
2,9.023916480465074,67.53801743283753
2,7.542283706024244,62.88869447008656
2,11.737412654545153,59.611240203123955
2,6.875427589193723,61.44639742177195
2,5.938761978094951,61.12565742558557
2,12.587339409751667,72.16455956131985
2,11.239274538561398,66.22221899732024
2,11.997511559895184,63.82662599036809
2,9.189607516154757,67.38156242287154
2,6.498895477739433,63.948533925052466
2,11.561298230980551,70.24196919498151
2,4.231948226606152,68.01479122613961
2,12.83132819855702,67.0207861437319
2,11.910019110062207,62.741017336954094
2,10.348332229568221,68.78521303734448
2,54.369606133509095,45.87925732345896
2,49.053844845506774,49.97616327675407
2,51.93426711699152,54.38462853885127
2,47.62312781103547,50.09616093164216
2,48.55839429263535,60.680893133570294
2,52.726003618490616,46.699513746922285
2,49.38476011417971,51.516577032489664
2,48.7633508972878,57.08668585230051
2,48.73517581550781,53.21255027791384
2,49.83442583483591,50.79023406653314
2,50.33616270553872,46.88155787264377
2,51.67841987793414,50.67264971866551
2,48.39384494264775,56.12738882687571
2,50.01084256648044,52.60978279124498
2,50.370562302645325,50.46170497792508
2,47.47946513421321,56.75774171040887
2,50.5342072427205,53.550013468509775
2,47.44602428182495,48.13921707419625
2,50.73327676991468,50.88139496884266
2,46.954631654871015,57.69689875226847
2,46.70358706822556,53.28213259470434
2,49.739408152417624,55.35072622036504
2,48.36453370496306,51.66458629006808
2,49.32672509808923,56.65322496901306
2,48.64606495361836,47.50450062760945
2,49.520241011213166,54.263847114216944
2,52.374939274605474,51.243206887415376
2,50.68584887926503,50.63667575178627
2,51.603258621399036,53.61185899155258
2,46.7543485198214,49.012733957410624
2,54.09472984258887,46.618227082666785
2,50.07477131107239,53.947749365725805
2,50.22196220592032,54.7074206959241
2,52.05254389624464,53.200084625961225
2,49.0268783356698,54.09914438386599
2,49.16709803240508,52.71037391793652
2,46.65849239292143,53.13881508325944
2,49.381255728949064,56.378191531653975
2,48.23363280931274,54.38859172419992
2,47.66434492091348,56.61442824114221
2,49.92355938147713,47.80679346208031
2,42.95191759320205,51.79835621180794
2,44.61211690438918,48.11974277570317
2,46.009657660325864,51.649675734035505
2,48.50199616861805,53.28224918195278
2,49.468861153442234,54.26492860773469
2,50.54313485563425,52.745902136473084
2,49.674769426282566,56.85933666599402
2,49.71129876574211,54.83315669605294
2,48.83680420846177,56.08615153367492
2,47.8051807036284,52.07053284420045
2,49.923223419549785,51.84960844399344
2,45.062654050709305,51.45891702296379
2,47.40170980486888,53.4490280396
2,50.49953588051591,51.40728848381118
2,86.70411684867746,37.26126209818423
2,88.43776716023143,46.47505882306728
2,90.82577308576526,43.74389953014478
2,93.13802755238201,44.53173556425186
2,88.07129072320184,38.56786428900706
2,87.13936731975382,40.253292145729944
2,86.63688427144109,44.77977574338977
2,80.7099358647221,39.8681981492417
2,90.02775884404309,40.94995555241848
2,85.15455368769518,42.386119227297286
2,85.09020942893112,33.81472344755501
2,86.90496747850008,40.129096484226864
2,93.31202966101449,35.099142127273176
2,86.94882216510862,36.40568332262873
2,90.6098642252472,34.419500586603334
2,89.38655660194651,40.071301765448666
2,87.23785947456136,36.83495231283411
2,82.62237466033756,33.92782264960568
2,85.57412675081649,41.40136150000796
2,89.25561713382442,44.834218686583924
2,85.76181627991006,40.96363393678623
2,78.96365186351719,51.32580888064261
2,86.25422744200094,42.60402967721526
2,85.02833162730981,36.15281631250449
2,85.89336574420793,37.66479696324111
2,88.16842992123696,34.66091644057028
2,85.8299485871628,46.951782431474044
2,88.13723083067579,41.78015906902123
2,95.49837357011593,34.536181925118775
2,94.11089144903548,31.984327483791585
2,93.67545940996578,44.136956856137886
2,90.74900141038304,42.6669307014798
2,89.45241858464215,36.49057596168549
2,91.55424717382395,34.27742803618795
2,83.8995874982893,37.95901660527122
2,83.51962330456371,36.76499317888876
2,92.36892470847123,40.15766759063542
2,90.16696850852561,42.33212161370822
2,93.1723519360247,39.56723292492754
2,82.93003988698979,40.59920180761719
2,90.13804831079263,38.93143772010466
2,84.13029730986976,39.16058283630921
2,84.65524003544496,38.332159385341036
2,83.75720765745814,38.81872877066989
2,83.93363040684017,44.74641882320657
2,87.39395168113487,32.13304768066669
2,86.44130892704824,42.13145125768867
2,95.07448672528871,32.296814658126145
2,86.0288259672409,39.88914940917984
2,94.35524793029454,34.6708890923998
2,85.6401059063165,43.621866967797324
2,91.86100966545226,39.59179839919723
2,91.55595595691707,41.917450469651705
2,94.20264104064046,33.911590521566275
2,93.19627773975735,41.120460996656256
2,80.97048684956076,39.008713376579784
2,95.1169926299443,38.929829226952776
2,91.14824123066293,38.02902330684356
2,-4.150646187258005,25.357486727800538
2,2.5406029434429622,22.583180067775
2,-4.201677781590195,21.9496571860397
2,-3.5146274610324006,29.04244756704573
2,5.785436743912866,39.19541396688566
2,0.930643666759762,34.3332852070996
2,-1.388486352658267,27.175933616851133
2,2.1895145937377443,26.210823407099397
2,-1.4264497392123245,35.26553470317683
2,4.64958092086106,34.69120452660335
2,-6.160675827424471,31.904545695245613
2,3.280970856260162,30.562750157755595
2,2.9167976089000947,26.724600806187414
2,-5.972467519150191,25.18106465416168
2,1.1348132207759383,23.8285871381905
2,0.6371249507723215,32.49397402852393
2,1.6849291050274624,25.487907645849404
2,-2.550911497577978,23.818999937953738
2,-6.42273095256569,31.731190921594596
2,-2.6094723271301303,34.28277574002242
2,4.476698906332978,28.284892605906933
2,1.072833081897045,36.402204920686636
2,4.0877391022869745,30.719673512849088
2,5.826609576827725,29.133443570839944
2,-7.699093074430606,29.745590152825116
2,1.1570793012448986,28.268545665862835
2,-2.8452111701641942,28.897504464758395
2,-10.127347538730707,21.956495584020786
2,0.8505385857699382,35.677357550302894
2,-1.9448278549421305,29.617354503924858
2,6.7301109631306275,35.64942091035697
2,-4.2272116987900095,36.32508779971359
2,-2.833208996075304,32.655220398058674
2,0.2243480323804864,34.55661934783247
2,-0.7853012979702083,35.078132656027705
2,6.833971892749353,28.442800014774072
2,4.814608782657843,24.11770040016111
2,4.237940501362266,34.10677730494247
2,-2.7045771570218258,35.63681435710693
2,2.7013305985119636,37.58626202250257
2,-6.0491214054674645,33.68286987098666
2,3.878111385618611,27.261070995983488
2,4.337995412916051,38.802153826220504
2,-3.5809828691664127,31.2900431964447
2,-3.732125963933675,30.25496462999254
2,4.609376471738775,30.067263265064568
2,-4.812780088327393,34.01190947774518
2,-7.690697389566931,31.111207740320175
2,3.380940169404162,31.519744536636438
2,-2.102732517548283,34.26787445350277
2,-10.261894378612297,33.581230581668876
2,-5.383576002638771,23.729956107179213
2,0.9471639397910074,35.709155859077974
2,0.9256837143172139,28.236401401046717
2,45.75982383084673,92.40650236660285
2,51.29980524488734,89.16089312142043
2,45.83432318797575,88.86356881066696
2,47.652473374467135,87.00653482043526
2,47.60819309078591,85.65634383056839
2,52.19936715228989,94.16987887578459
2,50.29924789442897,85.82471520070713
2,51.72043272905288,82.83023378869638
2,50.351361713080664,90.08170001240032
2,49.26457649581089,79.64909274302892
2,51.464668458830225,101.02187226588927
2,49.21023262631403,89.95872812623614
2,46.455913727766145,86.60065478737536
2,51.859384358435165,95.8738800840495
2,50.603204388424196,93.52957700597266
2,50.82955080940663,92.39866568991336
2,45.516609202745656,90.4697121395125
2,46.82664707273172,89.6457876302731
2,52.14546094554613,87.10554534158366
2,52.735396947627635,82.16826412861798
2,49.24194252185503,86.94839993345478
2,48.67774384746902,90.6040436409758
2,50.190961841095195,87.34284802382602
2,48.66020538837324,92.23361470770543
2,46.4689191680646,87.85781570359825
2,51.85941702788552,93.20395987749176
2,45.84367533896238,93.11526329986391
2,45.61109531650968,100.82643751488497
2,50.350926090319405,86.43113375151248
2,49.82671991126109,85.18471476004324
2,52.33791183514042,91.0434911098162
2,49.363226299988206,88.51558980095125
2,46.433175882282384,91.93497685498916
2,54.37353620006252,88.048509657594
2,46.30200500315882,87.18583697591534
2,47.05684881874163,86.83907247644375
2,49.5547402748137,92.10560309028273
2,48.561826518146745,91.27034428536314
2,46.74608275314093,81.73267342850508
2,48.10066576639783,85.61532513317628
2,47.713158328439945,88.37357895063506
2,50.32183739866113,87.54128119127468
2,51.72013800852848,79.31019591543003
2,47.11414755719755,83.15167308128441
2,51.01672447012393,86.79502482866889
2,49.873499522601165,87.55564592949496
2,50.73320922516026,86.46379279081063
2,46.61467302101799,88.96287611568746
2,49.4877991054355,89.74053566576563
2,49.6390478784721,88.0681872615864
2,52.184658130395846,84.66149982777661
2,49.82417370119954,90.1422061283787
2,49.105192436595054,91.92427876830139
2,51.24462241444803,82.85149057819976
2,49.95132615534736,87.21196469212066
2,49.48004685790518,84.660786078918
2,47.657742172532856,90.46065475284672
2,48.379046905561395,95.7333763590829
2,51.162219549244114,81.60565562378422
2,48.02240915727437,82.70290512834536
2,49.26624490706255,85.8260477278355
2,49.393938223657884,94.32731474869722
2,45.05702273077469,79.50099405866462
2,63.9299719921085,4.099070513869185
2,61.48174149743603,6.664482203645703
2,65.62118774845217,7.662128600011034
2,63.738117296597,5.482852585945793
2,60.56071605925519,5.643817955414285
2,66.1529385986952,5.462282098635141
2,62.116031932089456,11.943522821795163
2,62.43312666416939,6.664915504968487
2,65.18852097316922,10.708888292643135
2,60.810405408414894,11.338438367278712
2,62.52039862403063,3.729256490674601
2,63.82081114256955,3.6781540986203587
2,66.22937255012513,6.835446796298714
2,59.70716759887518,4.30728318455694
2,66.37514956180759,9.676581312785117
2,63.683820902269574,3.90008356844332
2,61.21282648940505,2.9984172336914225
2,63.896585242862784,7.8632925923954655
2,60.85265817072601,2.996773134705474
2,62.606795151939615,6.734168235575723
2,56.68963891838961,3.6417995728245014
2,65.50328558522062,11.218521575618762
2,65.06616654767859,5.181441049279314
2,62.365304298518105,6.20403294774724
2,65.57277647337493,10.368543221605655
2,57.74892767570522,-1.5409381210611741
2,60.98988199953655,5.200105506345183
2,62.76530895105978,11.685083454583616
2,64.80936916166127,7.231186755776613
2,61.73482329293307,6.426497670065869
2,60.979364896014424,9.851226526025055
2,60.17235112431485,12.402610487793883
2,68.66520514300757,6.141259482048259
2,58.5020256452496,5.920662708760224
2,61.67000254673866,5.762952275231526
2,57.975468584545716,10.189043732231838
2,58.539191574609006,8.175388192802204
2,65.84700425886551,8.236264585877274
2,63.667872204545326,7.695630312684567
2,59.885780321338494,11.43307026595826
2,61.91142288797758,7.15158211790348
2,61.17248960810207,5.069794326239349
2,62.311909547954905,8.363287050694733
2,63.29836382774715,5.832124748441336
2,62.040138977917664,7.807092188726128
2,61.72750630436881,5.453452736640015
2,60.94073880700458,9.97701772936221
2,61.351720614404705,10.67000056366788
2,57.612274317769,6.236150630773663
2,63.31667849046639,8.073556697293983
2,63.63627753360366,6.464905509764216
2,63.878885381418755,12.492531399520388
2,62.64415691374959,5.536423760212377
2,68.4781441067007,10.203668583694883
2,100.4643695439883,83.15599721963734
2,95.79220086960655,81.3744167293307
2,91.85619414452995,86.77654028120561
2,89.04508465633793,81.78303657011826
2,94.61245291042735,84.97625414714065
2,93.56815880880521,83.5587415088142
2,95.66497460423673,78.34192116567812
2,92.62343008220047,84.39551380520507
2,99.91938264410672,76.59260950644241
2,96.19495191823638,85.17390299035266
2,93.05626676512455,75.61347819283523
2,89.79663987696736,79.04259659104083
2,97.75596515276266,84.74536743697689
2,101.13341649729398,81.88716123886888
2,93.3183118331094,80.21037228053838
2,92.31949123923161,79.39506668657506
2,102.89500473311367,79.39163235051265
2,87.9814814665746,84.23065068831248
2,97.87878959327506,77.69295301890703
2,94.18803988976451,80.44798193685838
2,91.87937240145786,78.56641586697272
2,99.57517180032735,84.24536482552148
2,100.21453708690801,83.41598016593166
2,100.19309759632472,74.13045864633719
2,96.1296947110005,82.03639654237874
2,108.55728854019787,79.85722936658267
2,92.16068395479479,81.48322042451451
2,107.34316601381022,85.73288339349052
2,99.52113705060174,76.02497149746472
2,102.57285498097315,79.40405138005525
2,87.04311416209316,84.87782494129799
2,88.5964491211672,85.57041118156991
2,104.34918052117602,79.7958800938291
2,100.96508555743506,76.02401333203349
2,100.72408820869465,81.13773540073008
2,103.47067208858304,76.784130634967
2,93.50114049802201,78.29279027711334
2,94.59264825546474,76.20426884184775
2,96.16141340085986,83.43734645814654
2,92.52935094330319,74.76130603010577
2,99.87224317449494,75.30858150986406
2,87.36450637009509,78.85407469143436
2,97.33040058969401,81.49831687165756
2,95.0279713248419,79.8055114650114
2,100.09975709209951,83.7690799358483
2,98.97766684108527,83.79519308216177
2,96.0792536219268,82.4681000938571
2,101.47637113553438,83.07601052607008
2,93.13327433324673,83.91850139405376
2,89.03130259961044,85.22411177041126
2,98.14193706810012,80.07052256826826
2,93.33995575150773,83.44886804911197
2,94.78057643115405,82.88396651455984
2,99.44024803519626,83.53620106018435
2,87.0724302176707,80.43043873001997
2,93.43627297507338,79.00005829242302
2,98.47449838404846,80.65099845178798
2,97.75641962262424,80.46295363395512
2,105.93211000258869,78.58498341009539
2,98.38682379577395,82.15269564481692
2,93.68677675873245,79.45133138554235
2,88.05484597694245,77.09202472376599
2,88.73055819175948,85.04693522031242
2,101.88459731903201,82.25531789997073
2,96.91255176939052,82.10603759341407
